Username,Top Repository,Github,Repository URL,Ratings
mrdoob,three.js,https://github.com//mrdoob,https://github.com//mrdoob/three.js,97700
pmndrs,react-three-fiber,https://github.com//pmndrs,https://github.com//pmndrs/react-three-fiber,25400
libgdx,libgdx,https://github.com//libgdx,https://github.com//libgdx/libgdx,22500
BabylonJS,Babylon.js,https://github.com//BabylonJS,https://github.com//BabylonJS/Babylon.js,22100
ssloy,tinyrenderer,https://github.com//ssloy,https://github.com//ssloy/tinyrenderer,19000
FreeCAD,FreeCAD,https://github.com//FreeCAD,https://github.com//FreeCAD/FreeCAD,16900
lettier,3d-game-shaders-for-beginners,https://github.com//lettier,https://github.com//lettier/3d-game-shaders-for-beginners,16800
aframevr,aframe,https://github.com//aframevr,https://github.com//aframevr/aframe,16000
CesiumGS,cesium,https://github.com//CesiumGS,https://github.com//CesiumGS/cesium,11600
blender,blender,https://github.com//blender,https://github.com//blender/blender,11000
MonoGame,MonoGame,https://github.com//MonoGame,https://github.com//MonoGame/MonoGame,10600
isl-org,Open3D,https://github.com//isl-org,https://github.com//isl-org/Open3D,10200
metafizzy,zdog,https://github.com//metafizzy,https://github.com//metafizzy/zdog,10200
timzhang642,3D-Machine-Learning,https://github.com//timzhang642,https://github.com//timzhang642/3D-Machine-Learning,9400
nerfstudio-project,nerfstudio,https://github.com//nerfstudio-project,https://github.com//nerfstudio-project/nerfstudio,8100
a1studmuffin,SpaceshipGenerator,https://github.com//a1studmuffin,https://github.com//a1studmuffin/SpaceshipGenerator,7500
domlysz,BlenderGIS,https://github.com//domlysz,https://github.com//domlysz/BlenderGIS,7100
FyroxEngine,Fyrox,https://github.com//FyroxEngine,https://github.com//FyroxEngine/Fyrox,7000
google,model-viewer,https://github.com//google,https://github.com//google/model-viewer,6400
openscad,openscad,https://github.com//openscad,https://github.com//openscad/openscad,6300
ljianshu,Blog,https://github.com//ljianshu,https://github.com//ljianshu/Blog,7800
metafizzy,infinite-scroll,https://github.com//metafizzy,https://github.com//metafizzy/infinite-scroll,7400
olifolkerd,tabulator,https://github.com//olifolkerd,https://github.com//olifolkerd/tabulator,6100
developit,unfetch,https://github.com//developit,https://github.com//developit/unfetch,5700
jquery-form,form,https://github.com//jquery-form,https://github.com//jquery-form/form,5200
Studio-42,elFinder,https://github.com//Studio-42,https://github.com//Studio-42/elFinder,4500
elbywan,wretch,https://github.com//elbywan,https://github.com//elbywan/wretch,4400
dwyl,learn-to-send-email-via-google-script-html-no-server,https://github.com//dwyl,https://github.com//dwyl/learn-to-send-email-via-google-script-html-no-server,3100
ded,reqwest,https://github.com//ded,https://github.com//ded/reqwest,2900
wendux,ajax-hook,https://github.com//wendux,https://github.com//wendux/ajax-hook,2500
LeaVerou,bliss,https://github.com//LeaVerou,https://github.com//LeaVerou/bliss,2400
noelboss,featherlight,https://github.com//noelboss,https://github.com//noelboss/featherlight,2100
craftpip,jquery-confirm,https://github.com//craftpip,https://github.com//craftpip/jquery-confirm,1900
nette,tracy,https://github.com//nette,https://github.com//nette/tracy,1700
taoensso,sente,https://github.com//taoensso,https://github.com//taoensso/sente,1700
k8w,tsrpc,https://github.com//k8w,https://github.com//k8w/tsrpc,1700
loadingio,css-spinner,https://github.com//loadingio,https://github.com//loadingio/css-spinner,1700
joaomilho,Enterprise,https://github.com//joaomilho,https://github.com//joaomilho/Enterprise,1600
codingforentrepreneurs,eCommerce,https://github.com//codingforentrepreneurs,https://github.com//codingforentrepreneurs/eCommerce,1500
u014427391,jeeplatform,https://github.com//u014427391,https://github.com//u014427391/jeeplatform,1400
jwasham,coding-interview-university,https://github.com//jwasham,https://github.com//jwasham/coding-interview-university,279000
trekhleb,javascript-algorithms,https://github.com//trekhleb,https://github.com//trekhleb/javascript-algorithms,181000
TheAlgorithms,Python,https://github.com//TheAlgorithms,https://github.com//TheAlgorithms/Python,176000
CyC2018,CS-Notes,https://github.com//CyC2018,https://github.com//CyC2018/CS-Notes,171000
yangshun,tech-interview-handbook,https://github.com//yangshun,https://github.com//yangshun/tech-interview-handbook,107000
krahets,hello-algo,https://github.com//krahets,https://github.com//krahets/hello-algo,64099
kdn251,interviews,https://github.com//kdn251,https://github.com//kdn251/interviews,61300
TheAlgorithms,Java,https://github.com//TheAlgorithms,https://github.com//TheAlgorithms/Java,56000
azl397985856,leetcode,https://github.com//azl397985856,https://github.com//azl397985856/leetcode,53400
algorithm-visualizer,algorithm-visualizer,https://github.com//algorithm-visualizer,https://github.com//algorithm-visualizer/algorithm-visualizer,45900
youngyangyang04,leetcode-master,https://github.com//youngyangyang04,https://github.com//youngyangyang04/leetcode-master,45600
huihut,interview,https://github.com//huihut,https://github.com//huihut/interview,32200
halfrost,LeetCode-Go,https://github.com//halfrost,https://github.com//halfrost/LeetCode-Go,31500
TheAlgorithms,JavaScript,https://github.com//TheAlgorithms,https://github.com//TheAlgorithms/JavaScript,30700
TheAlgorithms,C-Plus-Plus,https://github.com//TheAlgorithms,https://github.com//TheAlgorithms/C-Plus-Plus,28700
donnemartin,interactive-coding-challenges,https://github.com//donnemartin,https://github.com//donnemartin/interactive-coding-challenges,28500
crossoverJie,JCSprout,https://github.com//crossoverJie,https://github.com//crossoverJie/JCSprout,27100
keon,algorithms,https://github.com//keon,https://github.com//keon/algorithms,23400
mxgmn,WaveFunctionCollapse,https://github.com//mxgmn,https://github.com//mxgmn/WaveFunctionCollapse,22500
trekhleb,homemade-machine-learning,https://github.com//trekhleb,https://github.com//trekhleb/homemade-machine-learning,22400
amphp,amp,https://github.com//amphp,https://github.com//amphp/amp,4100
danog,MadelineProto,https://github.com//danog,https://github.com//danog/MadelineProto,2600
unreal4u,telegram-api,https://github.com//unreal4u,https://github.com//unreal4u/telegram-api,773
amphp,parallel,https://github.com//amphp,https://github.com//amphp/parallel,725
amphp,http-client,https://github.com//amphp,https://github.com//amphp/http-client,686
amphp,byte-stream,https://github.com//amphp,https://github.com//amphp/byte-stream,351
php-service-bus,service-bus,https://github.com//php-service-bus,https://github.com//php-service-bus/service-bus,346
amphp,mysql,https://github.com//amphp,https://github.com//amphp/mysql,338
amphp,parallel-functions,https://github.com//amphp,https://github.com//amphp/parallel-functions,263
amphp,process,https://github.com//amphp,https://github.com//amphp/process,223
xtrime-ru,TelegramRSS,https://github.com//xtrime-ru,https://github.com//xtrime-ru/TelegramRSS,210
amphp,socket,https://github.com//amphp,https://github.com//amphp/socket,210
amphp,sync,https://github.com//amphp,https://github.com//amphp/sync,152
amphp,redis,https://github.com//amphp,https://github.com//amphp/redis,146
amphp,dns,https://github.com//amphp,https://github.com//amphp/dns,146
amphp,websocket-client,https://github.com//amphp,https://github.com//amphp/websocket-client,131
kelunik,acme,https://github.com//kelunik,https://github.com//kelunik/acme,121
amphp,websocket-server,https://github.com//amphp,https://github.com//amphp/websocket-server,109
amphp,serialization,https://github.com//amphp,https://github.com//amphp/serialization,103
amphp,cache,https://github.com//amphp,https://github.com//amphp/cache,94
flutter,flutter,https://github.com//flutter,https://github.com//flutter/flutter,160000
facebook,react-native,https://github.com//facebook,https://github.com//facebook/react-native,115000
justjavac,free-programming-books-zh_CN,https://github.com//justjavac,https://github.com//justjavac/free-programming-books-zh_CN,108000
Genymobile,scrcpy,https://github.com//Genymobile,https://github.com//Genymobile/scrcpy,98800
Hack-with-Github,Awesome-Hacking,https://github.com//Hack-with-Github,https://github.com//Hack-with-Github/Awesome-Hacking,75100
Solido,awesome-flutter,https://github.com//Solido,https://github.com//Solido/awesome-flutter,50400
google,material-design-icons,https://github.com//google,https://github.com//google/material-design-icons,49500
wasabeef,awesome-android-ui,https://github.com//wasabeef,https://github.com//wasabeef/awesome-android-ui,48600
tldr-pages,tldr,https://github.com//tldr-pages,https://github.com//tldr-pages/tldr,47600
square,okhttp,https://github.com//square,https://github.com//square/okhttp,45100
android,architecture-samples,https://github.com//android,https://github.com//android/architecture-samples,43700
square,retrofit,https://github.com//square,https://github.com//square/retrofit,42500
laurent22,joplin,https://github.com//laurent22,https://github.com//laurent22/joplin,41400
appwrite,appwrite,https://github.com//appwrite,https://github.com//appwrite/appwrite,39600
dcloudio,uni-app,https://github.com//dcloudio,https://github.com//dcloudio/uni-app,39100
fastlane,fastlane,https://github.com//fastlane,https://github.com//fastlane/fastlane,38400
skylot,jadx,https://github.com//skylot,https://github.com//skylot/jadx,38300
PhilJay,MPAndroidChart,https://github.com//PhilJay,https://github.com//PhilJay/MPAndroidChart,37100
shadowsocks,shadowsocks-android,https://github.com//shadowsocks,https://github.com//shadowsocks/shadowsocks-android,34600
airbnb,lottie-android,https://github.com//airbnb,https://github.com//airbnb/lottie-android,34600
justjavac,free-programming-books-zh_CN,https://github.com//justjavac,https://github.com//justjavac/free-programming-books-zh_CN,108000
angular,angular,https://github.com//angular,https://github.com//angular/angular,93700
storybookjs,storybook,https://github.com//storybookjs,https://github.com//storybookjs/storybook,82100
leonardomso,33-js-concepts,https://github.com//leonardomso,https://github.com//leonardomso/33-js-concepts,61300
ionic-team,ionic-framework,https://github.com//ionic-team,https://github.com//ionic-team/ionic-framework,50200
prettier,prettier,https://github.com//prettier,https://github.com//prettier/prettier,47900
Asabeneh,30-Days-Of-JavaScript,https://github.com//Asabeneh,https://github.com//Asabeneh/30-Days-Of-JavaScript,40500
SheetJS,sheetjs,https://github.com//SheetJS,https://github.com//SheetJS/sheetjs,34300
angular,angular-cli,https://github.com//angular,https://github.com//angular/angular-cli,26600
angular,components,https://github.com//angular,https://github.com//angular/components,24000
NativeScript,NativeScript,https://github.com//NativeScript,https://github.com//NativeScript/NativeScript,23500
goldbergyoni,javascript-testing-best-practices,https://github.com//goldbergyoni,https://github.com//goldbergyoni/javascript-testing-best-practices,23400
nrwl,nx,https://github.com//nrwl,https://github.com//nrwl/nx,21400
wailsapp,wails,https://github.com//wailsapp,https://github.com//wailsapp/wails,21200
jhipster,generator-jhipster,https://github.com//jhipster,https://github.com//jhipster/generator-jhipster,21100
sudheerj,javascript-interview-questions,https://github.com//sudheerj,https://github.com//sudheerj/javascript-interview-questions,21000
pubkey,rxdb,https://github.com//pubkey,https://github.com//pubkey/rxdb,20300
teambit,bit,https://github.com//teambit,https://github.com//teambit/bit,17400
sweetalert2,sweetalert2,https://github.com//sweetalert2,https://github.com//sweetalert2/sweetalert2,16700
paperless-ngx,paperless-ngx,https://github.com//paperless-ngx,https://github.com//paperless-ngx/paperless-ngx,15700
bregman-arie,devops-exercises,https://github.com//bregman-arie,https://github.com//bregman-arie/devops-exercises,62200
ansible,ansible,https://github.com//ansible,https://github.com//ansible/ansible,60500
trailofbits,algo,https://github.com//trailofbits,https://github.com//trailofbits/algo,28100
MichaelCade,90DaysOfDevOps,https://github.com//MichaelCade,https://github.com//MichaelCade/90DaysOfDevOps,25300
StreisandEffect,streisand,https://github.com//StreisandEffect,https://github.com//StreisandEffect/streisand,23100
kubernetes-sigs,kubespray,https://github.com//kubernetes-sigs,https://github.com//kubernetes-sigs/kubespray,15100
ansible,awx,https://github.com//ansible,https://github.com//ansible/awx,13200
easzlab,kubeasz,https://github.com//easzlab,https://github.com//easzlab/kubeasz,9900
ansible-semaphore,semaphore,https://github.com//ansible-semaphore,https://github.com//ansible-semaphore/semaphore,8800
geerlingguy,ansible-for-devops,https://github.com//geerlingguy,https://github.com//geerlingguy/ansible-for-devops,7900
khuedoan,homelab,https://github.com//khuedoan,https://github.com//khuedoan/homelab,7600
Tikam02,DevOps-Guide,https://github.com//Tikam02,https://github.com//Tikam02/DevOps-Guide,7500
netbootxyz,netboot.xyz,https://github.com//netbootxyz,https://github.com//netbootxyz/netboot.xyz,7400
geerlingguy,mac-dev-playbook,https://github.com//geerlingguy,https://github.com//geerlingguy/mac-dev-playbook,5700
rundeck,rundeck,https://github.com//rundeck,https://github.com//rundeck/rundeck,5300
KubeOperator,KubeOperator,https://github.com//KubeOperator,https://github.com//KubeOperator/KubeOperator,4900
clong,DetectionLab,https://github.com//clong,https://github.com//clong/DetectionLab,4500
ansible,molecule,https://github.com//ansible,https://github.com//ansible/molecule,3800
dev-sec,ansible-collection-hardening,https://github.com//dev-sec,https://github.com//dev-sec/ansible-collection-hardening,3600
opendevops-cn,opendevops,https://github.com//opendevops-cn,https://github.com//opendevops-cn/opendevops,3600
public-apis,public-apis,https://github.com//public-apis,https://github.com//public-apis/public-apis,283000
neovim,neovim,https://github.com//neovim,https://github.com//neovim/neovim,74400
tiangolo,fastapi,https://github.com//tiangolo,https://github.com//tiangolo/fastapi,68700
strapi,strapi,https://github.com//strapi,https://github.com//strapi/strapi,59000
hoppscotch,hoppscotch,https://github.com//hoppscotch,https://github.com//hoppscotch/hoppscotch,59000
ocornut,imgui,https://github.com//ocornut,https://github.com//ocornut/imgui,54300
slatedocs,slate,https://github.com//slatedocs,https://github.com//slatedocs/slate,35700
Kong,insomnia,https://github.com//Kong,https://github.com//Kong/insomnia,32500
trpc,trpc,https://github.com//trpc,https://github.com//trpc/trpc,31900
httpie,cli,https://github.com//httpie,https://github.com//httpie/cli,31300
hasura,graphql-engine,https://github.com//hasura,https://github.com//hasura/graphql-engine,30700
ccxt,ccxt,https://github.com//ccxt,https://github.com//ccxt/ccxt,30600
Binaryify,NeteaseCloudMusicApi,https://github.com//Binaryify,https://github.com//Binaryify/NeteaseCloudMusicApi,30300
QuivrHQ,quivr,https://github.com//QuivrHQ,https://github.com//QuivrHQ/quivr,28600
encode,django-rest-framework,https://github.com//encode,https://github.com//encode/django-rest-framework,27200
YMFE,yapi,https://github.com//YMFE,https://github.com//YMFE/yapi,26900
littlecodersh,ItChat,https://github.com//littlecodersh,https://github.com//littlecodersh/ItChat,24900
directus,directus,https://github.com//directus,https://github.com//directus/directus,24800
microsoft,api-guidelines,https://github.com//microsoft,https://github.com//microsoft/api-guidelines,22300
PostgREST,postgrest,https://github.com//PostgREST,https://github.com//PostgREST/postgrest,21900
arendst,Tasmota,https://github.com//arendst,https://github.com//arendst/Tasmota,21100
MarlinFirmware,Marlin,https://github.com//MarlinFirmware,https://github.com//MarlinFirmware/Marlin,15700
tinygo-org,tinygo,https://github.com//tinygo-org,https://github.com//tinygo-org/tinygo,14200
arduino,Arduino,https://github.com//arduino,https://github.com//arduino/Arduino,13900
rwaldron,johnny-five,https://github.com//rwaldron,https://github.com//rwaldron/johnny-five,13200
SpacehuhnTech,esp8266_deauther,https://github.com//SpacehuhnTech,https://github.com//SpacehuhnTech/esp8266_deauther,12700
espressif,arduino-esp32,https://github.com//espressif,https://github.com//espressif/arduino-esp32,12200
gurugio,lowlevelprogramming-university,https://github.com//gurugio,https://github.com//gurugio/lowlevelprogramming-university,9400
hybridgroup,gobot,https://github.com//hybridgroup,https://github.com//hybridgroup/gobot,8700
platformio,platformio-core,https://github.com//platformio,https://github.com//platformio/platformio-core,7400
bblanchon,ArduinoJson,https://github.com//bblanchon,https://github.com//bblanchon/ArduinoJson,6500
tzapu,WiFiManager,https://github.com//tzapu,https://github.com//tzapu/WiFiManager,6200
olikraus,u8g2,https://github.com//olikraus,https://github.com//olikraus/u8g2,4600
Arduino-IRremote,Arduino-IRremote,https://github.com//Arduino-IRremote,https://github.com//Arduino-IRremote/Arduino-IRremote,4200
ClemensElflein,OpenMower,https://github.com//ClemensElflein,https://github.com//ClemensElflein/OpenMower,4200
justcallmekoko,ESP32Marauder,https://github.com//justcallmekoko,https://github.com//justcallmekoko/ESP32Marauder,4200
arduino,arduino-cli,https://github.com//arduino,https://github.com//arduino/arduino-cli,4100
hybridgroup,cylon,https://github.com//hybridgroup,https://github.com//hybridgroup/cylon,4000
Serial-Studio,Serial-Studio,https://github.com//Serial-Studio,https://github.com//Serial-Studio/Serial-Studio,3900
blynkkk,blynk-library,https://github.com//blynkkk,https://github.com//blynkkk/blynk-library,3800
bitwarden,server,https://github.com//bitwarden,https://github.com//bitwarden/server,14000
dotnet,AspNetCore.Docs,https://github.com//dotnet,https://github.com//dotnet/AspNetCore.Docs,12200
abpframework,abp,https://github.com//abpframework,https://github.com//abpframework/abp,12000
aspnetboilerplate,aspnetboilerplate,https://github.com//aspnetboilerplate,https://github.com//aspnetboilerplate/aspnetboilerplate,11500
nopSolutions,nopCommerce,https://github.com//nopSolutions,https://github.com//nopSolutions/nopCommerce,8800
ElectronNET,Electron.NET,https://github.com//ElectronNET,https://github.com//ElectronNET/Electron.NET,7000
thangchung,clean-code-dotnet,https://github.com//thangchung,https://github.com//thangchung/clean-code-dotnet,6700
RicoSuter,NSwag,https://github.com//RicoSuter,https://github.com//RicoSuter/NSwag,6400
FastEndpoints,FastEndpoints,https://github.com//FastEndpoints,https://github.com//FastEndpoints/FastEndpoints,3700
dotnet,aspnet-api-versioning,https://github.com//dotnet,https://github.com//dotnet/aspnet-api-versioning,2900
smartstore,SmartStoreNET,https://github.com//smartstore,https://github.com//smartstore/SmartStoreNET,2600
mjebrahimi,Awesome-Microservices-DotNet,https://github.com//mjebrahimi,https://github.com//mjebrahimi/Awesome-Microservices-DotNet,2500
serenity-is,Serenity,https://github.com//serenity-is,https://github.com//serenity-is/Serenity,2500
JimBobSquarePants,ImageProcessor,https://github.com//JimBobSquarePants,https://github.com//JimBobSquarePants/ImageProcessor,2500
loic-sharma,BaGet,https://github.com//loic-sharma,https://github.com//loic-sharma/BaGet,2500
TrilonIO,aspnetcore-angular-universal,https://github.com//TrilonIO,https://github.com//TrilonIO/aspnetcore-angular-universal,1500
milanm,DotNet-Developer-Roadmap,https://github.com//milanm,https://github.com//milanm/DotNet-Developer-Roadmap,1200
TrilonIO,aspnetcore-Vue-starter,https://github.com//TrilonIO,https://github.com//TrilonIO/aspnetcore-Vue-starter,1200
MarimerLLC,csla,https://github.com//MarimerLLC,https://github.com//MarimerLLC/csla,1200
smartstore,Smartstore,https://github.com//smartstore,https://github.com//smartstore/Smartstore,1000
atom,atom,https://github.com//atom,https://github.com//atom/atom,59900
miniflux,v2,https://github.com//miniflux,https://github.com//miniflux/v2,5900
themerdev,themer,https://github.com//themerdev,https://github.com//themerdev/themer,5300
shd101wyy,markdown-preview-enhanced,https://github.com//shd101wyy,https://github.com//shd101wyy/markdown-preview-enhanced,4000
nteract,hydrogen,https://github.com//nteract,https://github.com//nteract/hydrogen,3900
atom,teletype,https://github.com//atom,https://github.com//atom/teletype,2400
mmcdole,gofeed,https://github.com//mmcdole,https://github.com//mmcdole/gofeed,2400
feeddd,feeds,https://github.com//feeddd,https://github.com//feeddd/feeds,2100
NaiboWang,CommandlineConfig,https://github.com//NaiboWang,https://github.com//NaiboWang/CommandlineConfig,2000
mehcode,awesome-atom,https://github.com//mehcode,https://github.com//mehcode/awesome-atom,1900
kurtmckee,feedparser,https://github.com//kurtmckee,https://github.com//kurtmckee/feedparser,1800
ocaml,merlin,https://github.com//ocaml,https://github.com//ocaml/merlin,1500
simplepie,simplepie,https://github.com//simplepie,https://github.com//simplepie/simplepie,1500
joefitzgerald,go-plus,https://github.com//joefitzgerald,https://github.com//joefitzgerald/go-plus,1500
Glavin001,atom-beautify,https://github.com//Glavin001,https://github.com//Glavin001/atom-beautify,1500
fwcd,kotlin-language-server,https://github.com//fwcd,https://github.com//fwcd/kotlin-language-server,1400
t9md,atom-vim-mode-plus,https://github.com//t9md,https://github.com//t9md/atom-vim-mode-plus,1400
MagicStack,MagicPython,https://github.com//MagicStack,https://github.com//MagicStack/MagicPython,1400
martinrotter,rssguard,https://github.com//martinrotter,https://github.com//martinrotter/rssguard,1300
file-icons,atom,https://github.com//file-icons,https://github.com//file-icons/atom,1300
sindresorhus,awesome,https://github.com//sindresorhus,https://github.com//sindresorhus/awesome,292000
vinta,awesome-python,https://github.com//vinta,https://github.com//vinta/awesome-python,199000
awesome-selfhosted,awesome-selfhosted,https://github.com//awesome-selfhosted,https://github.com//awesome-selfhosted/awesome-selfhosted,171000
trimstray,the-book-of-secret-knowledge,https://github.com//trimstray,https://github.com//trimstray/the-book-of-secret-knowledge,124000
avelino,awesome-go,https://github.com//avelino,https://github.com//avelino/awesome-go,117000
521xueweihan,HelloGitHub,https://github.com//521xueweihan,https://github.com//521xueweihan/HelloGitHub,82500
papers-we-love,papers-we-love,https://github.com//papers-we-love,https://github.com//papers-we-love/papers-we-love,82000
Hack-with-Github,Awesome-Hacking,https://github.com//Hack-with-Github,https://github.com//Hack-with-Github/Awesome-Hacking,75100
jaywcjlove,awesome-mac,https://github.com//jaywcjlove,https://github.com//jaywcjlove/awesome-mac,69400
DopplerHQ,awesome-interview-questions,https://github.com//DopplerHQ,https://github.com//DopplerHQ/awesome-interview-questions,65000
MunGell,awesome-for-beginners,https://github.com//MunGell,https://github.com//MunGell/awesome-for-beginners,62000
enaqx,awesome-react,https://github.com//enaqx,https://github.com//enaqx/awesome-react,61000
sindresorhus,awesome-nodejs,https://github.com//sindresorhus,https://github.com//sindresorhus/awesome-nodejs,55000
fffaraz,awesome-cpp,https://github.com//fffaraz,https://github.com//fffaraz/awesome-cpp,54100
prakhar1989,awesome-courses,https://github.com//prakhar1989,https://github.com//prakhar1989/awesome-courses,52700
binhnguyennus,awesome-scalability,https://github.com//binhnguyennus,https://github.com//binhnguyennus/awesome-scalability,52100
Solido,awesome-flutter,https://github.com//Solido,https://github.com//Solido/awesome-flutter,50400
wasabeef,awesome-android-ui,https://github.com//wasabeef,https://github.com//wasabeef/awesome-android-ui,48600
vsouza,awesome-ios,https://github.com//vsouza,https://github.com//vsouza/awesome-ios,45300
tiimgreen,github-cheat-sheet,https://github.com//tiimgreen,https://github.com//tiimgreen/github-cheat-sheet,44800
bregman-arie,devops-exercises,https://github.com//bregman-arie,https://github.com//bregman-arie/devops-exercises,62200
ByteByteGoHq,system-design-101,https://github.com//ByteByteGoHq,https://github.com//ByteByteGoHq/system-design-101,55000
localstack,localstack,https://github.com//localstack,https://github.com//localstack/localstack,51500
serverless,serverless,https://github.com//serverless,https://github.com//serverless/serverless,45900
donnemartin,data-science-ipython-notebooks,https://github.com//donnemartin,https://github.com//donnemartin/data-science-ipython-notebooks,26200
sst,sst,https://github.com//sst,https://github.com//sst/sst,19400
pulumi,pulumi,https://github.com//pulumi,https://github.com//pulumi/pulumi,19100
kubernetes-sigs,kubespray,https://github.com//kubernetes-sigs,https://github.com//kubernetes-sigs/kubespray,15100
aws,aws-cli,https://github.com//aws,https://github.com//aws/aws-cli,14700
ramitsurana,awesome-kubernetes,https://github.com//ramitsurana,https://github.com//ramitsurana/awesome-kubernetes,14600
getsops,sops,https://github.com//getsops,https://github.com//getsops/sops,14700
donnemartin,awesome-aws,https://github.com//donnemartin,https://github.com//donnemartin/awesome-aws,12000
caprover,caprover,https://github.com//caprover,https://github.com//caprover/caprover,11900
GoogleCloudPlatform,terraformer,https://github.com//GoogleCloudPlatform,https://github.com//GoogleCloudPlatform/terraformer,11500
aws,aws-cdk,https://github.com//aws,https://github.com//aws/aws-cdk,11000
apereo,cas,https://github.com//apereo,https://github.com//apereo/cas,10600
aws,chalice,https://github.com//aws,https://github.com//aws/chalice,10200
infracost,infracost,https://github.com//infracost,https://github.com//infracost/infracost,10100
aws-amplify,amplify-js,https://github.com//aws-amplify,https://github.com//aws-amplify/amplify-js,9400
hashicorp,terraform-provider-aws,https://github.com//hashicorp,https://github.com//hashicorp/terraform-provider-aws,9300
bregman-arie,devops-exercises,https://github.com//bregman-arie,https://github.com//bregman-arie/devops-exercises,62200
microsoft,generative-ai-for-beginners,https://github.com//microsoft,https://github.com//microsoft/generative-ai-for-beginners,24400
pulumi,pulumi,https://github.com//pulumi,https://github.com//pulumi/pulumi,19100
recommenders-team,recommenders,https://github.com//recommenders-team,https://github.com//recommenders-team/recommenders,17600
ramitsurana,awesome-kubernetes,https://github.com//ramitsurana,https://github.com//ramitsurana/awesome-kubernetes,14600
getsops,sops,https://github.com//getsops,https://github.com//getsops/sops,14700
Azure,azure-quickstart-templates,https://github.com//Azure,https://github.com//Azure/azure-quickstart-templates,13600
caprover,caprover,https://github.com//caprover,https://github.com//caprover/caprover,11900
infracost,infracost,https://github.com//infracost,https://github.com//infracost/infracost,10100
google,go-cloud,https://github.com//google,https://github.com//google/go-cloud,9300
microsoft,computervision-recipes,https://github.com//microsoft,https://github.com//microsoft/computervision-recipes,9300
prowler-cloud,prowler,https://github.com//prowler-cloud,https://github.com//prowler-cloud/prowler,9200
danny-avila,LibreChat,https://github.com//danny-avila,https://github.com//danny-avila/LibreChat,8200
milanm,DevOps-Roadmap,https://github.com//milanm,https://github.com//milanm/DevOps-Roadmap,7700
Netflix,metaflow,https://github.com//Netflix,https://github.com//Netflix/metaflow,7400
microsoft,azuredatastudio,https://github.com//microsoft,https://github.com//microsoft/azuredatastudio,7400
midwayjs,midway,https://github.com//midwayjs,https://github.com//midwayjs/midway,7100
node-formidable,formidable,https://github.com//node-formidable,https://github.com//node-formidable/formidable,6900
budtmo,docker-android,https://github.com//budtmo,https://github.com//budtmo/docker-android,6800
thangchung,clean-code-dotnet,https://github.com//thangchung,https://github.com//thangchung/clean-code-dotnet,6700
babel,babel,https://github.com//babel,https://github.com//babel/babel,42800
swc-project,swc,https://github.com//swc-project,https://github.com//swc-project/swc,29600
nylas,nylas-mail,https://github.com//nylas,https://github.com//nylas/nylas-mail,24800
electron-react-boilerplate,electron-react-boilerplate,https://github.com//electron-react-boilerplate,https://github.com//electron-react-boilerplate/electron-react-boilerplate,22400
SimulatedGREG,electron-vue,https://github.com//SimulatedGREG,https://github.com//SimulatedGREG/electron-vue,15400
grab,front-end-guide,https://github.com//grab,https://github.com//grab/front-end-guide,15100
jamiebuilds,babel-handbook,https://github.com//jamiebuilds,https://github.com//jamiebuilds/babel-handbook,11900
developit,htm,https://github.com//developit,https://github.com//developit/htm,8500
grommet,grommet,https://github.com//grommet,https://github.com//grommet/grommet,8300
ben-rogerson,twin.macro,https://github.com//ben-rogerson,https://github.com//ben-rogerson/twin.macro,7800
angular-fullstack,generator-angular-fullstack,https://github.com//angular-fullstack,https://github.com//angular-fullstack/generator-angular-fullstack,6100
fkling,astexplorer,https://github.com//fkling,https://github.com//fkling/astexplorer,5800
documentationjs,documentation,https://github.com//documentationjs,https://github.com//documentationjs/documentation,5800
insin,nwb,https://github.com//insin,https://github.com//insin/nwb,5600
thinkjs,thinkjs,https://github.com//thinkjs,https://github.com//thinkjs/thinkjs,5300
ast-grep,ast-grep,https://github.com//ast-grep,https://github.com//ast-grep/ast-grep,5300
egoist,poi,https://github.com//egoist,https://github.com//egoist/poi,5200
thx,gogocode,https://github.com//thx,https://github.com//thx/gogocode,5100
duxianwei520,react,https://github.com//duxianwei520,https://github.com//duxianwei520/react,4900
babel,babel-loader,https://github.com//babel,https://github.com//babel/babel-loader,4800
jlevy,the-art-of-command-line,https://github.com//jlevy,https://github.com//jlevy/the-art-of-command-line,146000
nvm-sh,nvm,https://github.com//nvm-sh,https://github.com//nvm-sh/nvm,74100
junegunn,fzf,https://github.com//junegunn,https://github.com//junegunn/fzf,58100
google,zx,https://github.com//google,https://github.com//google/zx,40400
starship,starship,https://github.com//starship,https://github.com//starship/starship,39500
LeCoupa,awesome-cheatsheets,https://github.com//LeCoupa,https://github.com//LeCoupa/awesome-cheatsheets,36700
dylanaraps,pure-bash-bible,https://github.com//dylanaraps,https://github.com//dylanaraps/pure-bash-bible,35600
acmesh-official,acme.sh,https://github.com//acmesh-official,https://github.com//acmesh-official/acme.sh,35600
koalaman,shellcheck,https://github.com//koalaman,https://github.com//koalaman/shellcheck,34500
alebcay,awesome-shell,https://github.com//alebcay,https://github.com//alebcay/awesome-shell,30400
mathiasbynens,dotfiles,https://github.com//mathiasbynens,https://github.com//mathiasbynens/dotfiles,29700
jaywcjlove,linux-command,https://github.com//jaywcjlove,https://github.com//jaywcjlove/linux-command,27300
withfig,autocomplete,https://github.com//withfig,https://github.com//withfig/autocomplete,23900
dylanaraps,neofetch,https://github.com//dylanaraps,https://github.com//dylanaraps/neofetch,19900
asdf-vm,asdf,https://github.com//asdf-vm,https://github.com//asdf-vm/asdf,19900
kingToolbox,WindTerm,https://github.com//kingToolbox,https://github.com//kingToolbox/WindTerm,19500
Nyr,openvpn-install,https://github.com//Nyr,https://github.com//Nyr/openvpn-install,18200
warpdotdev,Warp,https://github.com//warpdotdev,https://github.com//warpdotdev/Warp,17800
extrawurst,gitui,https://github.com//extrawurst,https://github.com//extrawurst/gitui,16500
atuinsh,atuin,https://github.com//atuinsh,https://github.com//atuinsh/atuin,16400
bitcoin,bitcoin,https://github.com//bitcoin,https://github.com//bitcoin/bitcoin,74200
ccxt,ccxt,https://github.com//ccxt,https://github.com//ccxt/ccxt,30600
freqtrade,freqtrade,https://github.com//freqtrade,https://github.com//freqtrade/freqtrade,24500
bitcoinbook,bitcoinbook,https://github.com//bitcoinbook,https://github.com//bitcoinbook/bitcoinbook,22300
HelloZeroNet,ZeroNet,https://github.com//HelloZeroNet,https://github.com//HelloZeroNet/ZeroNet,18200
solana-labs,solana,https://github.com//solana-labs,https://github.com//solana-labs/solana,11500
bbfamily,abu,https://github.com//bbfamily,https://github.com//bbfamily/abu,11000
askmike,gekko,https://github.com//askmike,https://github.com//askmike/gekko,10000
dvf,blockchain,https://github.com//dvf,https://github.com//dvf/blockchain,7600
lightningnetwork,lnd,https://github.com//lightningnetwork,https://github.com//lightningnetwork/lnd,7400
lbryio,lbry-sdk,https://github.com//lbryio,https://github.com//lbryio/lbry-sdk,7200
spesmilo,electrum,https://github.com//spesmilo,https://github.com//spesmilo/electrum,6900
yeasy,blockchain_guide,https://github.com//yeasy,https://github.com//yeasy/blockchain_guide,6700
butor,blackbird,https://github.com//butor,https://github.com//butor/blackbird,5800
btcsuite,btcd,https://github.com//btcsuite,https://github.com//btcsuite/btcd,5800
btcpayserver,btcpayserver,https://github.com//btcpayserver,https://github.com//btcpayserver/btcpayserver,5800
getumbrel,umbrel,https://github.com//getumbrel,https://github.com//getumbrel/umbrel,5600
UFund-Me,Qbot,https://github.com//UFund-Me,https://github.com//UFund-Me/Qbot,5400
bitcoinjs,bitcoinjs-lib,https://github.com//bitcoinjs,https://github.com//bitcoinjs/bitcoinjs-lib,5400
jesse-ai,jesse,https://github.com//jesse-ai,https://github.com//jesse-ai/jesse,5100
twbs,bootstrap,https://github.com//twbs,https://github.com//twbs/bootstrap,167000
ColorlibHQ,AdminLTE,https://github.com//ColorlibHQ,https://github.com//ColorlibHQ/AdminLTE,43400
tabler,tabler,https://github.com//tabler,https://github.com//tabler/tabler,36600
mdbootstrap,mdb-ui-kit,https://github.com//mdbootstrap,https://github.com//mdbootstrap/mdb-ui-kit,24000
react-bootstrap,react-bootstrap,https://github.com//react-bootstrap,https://github.com//react-bootstrap/react-bootstrap,22100
ColorlibHQ,gentelella,https://github.com//ColorlibHQ,https://github.com//ColorlibHQ/gentelella,20900
verekia,js-stack-from-scratch,https://github.com//verekia,https://github.com//verekia/js-stack-from-scratch,20100
bootstrap-vue,bootstrap-vue,https://github.com//bootstrap-vue,https://github.com//bootstrap-vue/bootstrap-vue,14400
thomaspark,bootswatch,https://github.com//thomaspark,https://github.com//thomaspark/bootswatch,14400
selectize,selectize.js,https://github.com//selectize,https://github.com//selectize/selectize.js,13000
uxsolutions,bootstrap-datepicker,https://github.com//uxsolutions,https://github.com//uxsolutions/bootstrap-datepicker,12600
coreui,coreui-free-bootstrap-admin-template,https://github.com//coreui,https://github.com//coreui/coreui-free-bootstrap-admin-template,11700
wenzhixin,bootstrap-table,https://github.com//wenzhixin,https://github.com//wenzhixin/bootstrap-table,11600
Templarian,MaterialDesign,https://github.com//Templarian,https://github.com//Templarian/MaterialDesign,10800
reactstrap,reactstrap,https://github.com//reactstrap,https://github.com//reactstrap/reactstrap,10600
snapappointments,bootstrap-select,https://github.com//snapappointments,https://github.com//snapappointments/bootstrap-select,9800
StartBootstrap,startbootstrap-sb-admin-2,https://github.com//StartBootstrap,https://github.com//StartBootstrap/startbootstrap-sb-admin-2,9600
mdbootstrap,material-design-for-bootstrap,https://github.com//mdbootstrap,https://github.com//mdbootstrap/material-design-for-bootstrap,9400
ng-bootstrap,ng-bootstrap,https://github.com//ng-bootstrap,https://github.com//ng-bootstrap/ng-bootstrap,8100
BlackrockDigital,startbootstrap,https://github.com//BlackrockDigital,https://github.com//BlackrockDigital/startbootstrap,7200
ccxt,ccxt,https://github.com//ccxt,https://github.com//ccxt/ccxt,30600
discordjs,discord.js,https://github.com//discordjs,https://github.com//discordjs/discord.js,24600
python-telegram-bot,python-telegram-bot,https://github.com//python-telegram-bot,https://github.com//python-telegram-bot/python-telegram-bot,24300
wechaty,wechaty,https://github.com//wechaty,https://github.com//wechaty/wechaty,18500
RasaHQ,rasa,https://github.com//RasaHQ,https://github.com//RasaHQ/rasa,17700
hubotio,hubot,https://github.com//hubotio,https://github.com//hubotio/hubot,16500
InstaPy,InstaPy,https://github.com//InstaPy,https://github.com//InstaPy/InstaPy,16200
leon-ai,leon,https://github.com//leon-ai,https://github.com//leon-ai/leon,14300
Rapptz,discord.py,https://github.com//Rapptz,https://github.com//Rapptz/discord.py,14100
gunthercox,ChatterBot,https://github.com//gunthercox,https://github.com//gunthercox/ChatterBot,13800
tgbot-collection,YYeTsBot,https://github.com//tgbot-collection,https://github.com//tgbot-collection/YYeTsBot,13800
pedroslopez,whatsapp-web.js,https://github.com//pedroslopez,https://github.com//pedroslopez/whatsapp-web.js,13000
lss233,chatgpt-mirai-qq-bot,https://github.com//lss233,https://github.com//lss233/chatgpt-mirai-qq-bot,11400
howdyai,botkit,https://github.com//howdyai,https://github.com//howdyai/botkit,11300
Mrs4s,go-cqhttp,https://github.com//Mrs4s,https://github.com//Mrs4s/go-cqhttp,10100
sfyc23,EverydayWechat,https://github.com//sfyc23,https://github.com//sfyc23/EverydayWechat,9800
yagop,node-telegram-bot-api,https://github.com//yagop,https://github.com//yagop/node-telegram-bot-api,7800
microsoft,ailab,https://github.com//microsoft,https://github.com//microsoft/ailab,7600
telegraf,telegraf,https://github.com//telegraf,https://github.com//telegraf/telegraf,7400
microsoft,botframework-sdk,https://github.com//microsoft,https://github.com//microsoft/botframework-sdk,7300
Genymobile,scrcpy,https://github.com//Genymobile,https://github.com//Genymobile/scrcpy,98800
neovim,neovim,https://github.com//neovim,https://github.com//neovim/neovim,74400
obsproject,obs-studio,https://github.com//obsproject,https://github.com//obsproject/obs-studio,54400
fffaraz,awesome-cpp,https://github.com//fffaraz,https://github.com//fffaraz/awesome-cpp,54100
git,git,https://github.com//git,https://github.com//git/git,49000
FFmpeg,FFmpeg,https://github.com//FFmpeg,https://github.com//FFmpeg/FFmpeg,41100
serhii-londar,open-source-mac-os-apps,https://github.com//serhii-londar,https://github.com//serhii-londar/open-source-mac-os-apps,38800
vim,vim,https://github.com//vim,https://github.com//vim/vim,34400
curl,curl,https://github.com//curl,https://github.com//curl/curl,33300
huihut,interview,https://github.com//huihut,https://github.com//huihut/interview,32200
ggreer,the_silver_searcher,https://github.com//ggreer,https://github.com//ggreer/the_silver_searcher,25600
mpv-player,mpv,https://github.com//mpv-player,https://github.com//mpv-player/mpv,25300
ossrs,srs,https://github.com//ossrs,https://github.com//ossrs/srs,23800
google,flatbuffers,https://github.com//google,https://github.com//google/flatbuffers,21800
ruby,ruby,https://github.com//ruby,https://github.com//ruby/ruby,21400
kovidgoyal,kitty,https://github.com//kovidgoyal,https://github.com//kovidgoyal/kitty,21300
microsoft,vcpkg,https://github.com//microsoft,https://github.com//microsoft/vcpkg,21000
hashcat,hashcat,https://github.com//hashcat,https://github.com//hashcat/hashcat,19400
radareorg,radare2,https://github.com//radareorg,https://github.com//radareorg/radare2,19300
raysan5,raylib,https://github.com//raysan5,https://github.com//raysan5/raylib,17900
electron,electron,https://github.com//electron,https://github.com//electron/electron,111000
puppeteer,puppeteer,https://github.com//puppeteer,https://github.com//puppeteer/puppeteer,86200
microsoft,playwright,https://github.com//microsoft,https://github.com//microsoft/playwright,59700
iamadamdev,bypass-paywalls-chrome,https://github.com//iamadamdev,https://github.com//iamadamdev/bypass-paywalls-chrome,45600
FiloSottile,mkcert,https://github.com//FiloSottile,https://github.com//FiloSottile/mkcert,44800
jaywcjlove,linux-command,https://github.com//jaywcjlove,https://github.com//jaywcjlove/linux-command,27300
ovity,octotree,https://github.com//ovity,https://github.com//ovity/octotree,22600
segment-boneyard,nightmare,https://github.com//segment-boneyard,https://github.com//segment-boneyard/nightmare,19500
checkly,headless-recorder,https://github.com//checkly,https://github.com//checkly/headless-recorder,14900
GoogleChrome,chrome-extensions-samples,https://github.com//GoogleChrome,https://github.com//GoogleChrome/chrome-extensions-samples,13900
google,WebFundamentals,https://github.com//google,https://github.com//google/WebFundamentals,13900
schickling,chromeless,https://github.com//schickling,https://github.com//schickling/chromeless,13200
gildas-lormeau,SingleFile,https://github.com//gildas-lormeau,https://github.com//gildas-lormeau/SingleFile,13200
casesandberg,react-color,https://github.com//casesandberg,https://github.com//casesandberg/react-color,11800
crimx,ext-saladict,https://github.com//crimx,https://github.com//crimx/ext-saladict,11500
MetaMask,metamask-extension,https://github.com//MetaMask,https://github.com//MetaMask/metamask-extension,11200
chromedp,chromedp,https://github.com//chromedp,https://github.com//chromedp/chromedp,10100
moonD4rk,HackBrowserData,https://github.com//moonD4rk,https://github.com//moonD4rk/HackBrowserData,9700
ajayyy,SponsorBlock,https://github.com//ajayyy,https://github.com//ajayyy/SponsorBlock,8500
uBlock-LLC,uBlock,https://github.com//uBlock-LLC,https://github.com//uBlock-LLC/uBlock,8200
iamadamdev,bypass-paywalls-chrome,https://github.com//iamadamdev,https://github.com//iamadamdev/bypass-paywalls-chrome,45600
jaywcjlove,linux-command,https://github.com//jaywcjlove,https://github.com//jaywcjlove/linux-command,27300
refined-github,refined-github,https://github.com//refined-github,https://github.com//refined-github/refined-github,22700
openai-translator,openai-translator,https://github.com//openai-translator,https://github.com//openai-translator/openai-translator,20900
darkreader,darkreader,https://github.com//darkreader,https://github.com//darkreader/darkreader,18400
dailydotdev,daily,https://github.com//dailydotdev,https://github.com//dailydotdev/daily,15800
checkly,headless-recorder,https://github.com//checkly,https://github.com//checkly/headless-recorder,14900
unbug,codelf,https://github.com//unbug,https://github.com//unbug/codelf,13900
wong2,chatgpt-google-extension,https://github.com//wong2,https://github.com//wong2/chatgpt-google-extension,13300
gildas-lormeau,SingleFile,https://github.com//gildas-lormeau,https://github.com//gildas-lormeau/SingleFile,13200
immersive-translate,immersive-translate,https://github.com//immersive-translate,https://github.com//immersive-translate/immersive-translate,12800
Anarios,return-youtube-dislike,https://github.com//Anarios,https://github.com//Anarios/return-youtube-dislike,12100
crimx,ext-saladict,https://github.com//crimx,https://github.com//crimx/ext-saladict,11500
listen1,listen1_chrome_extension,https://github.com//listen1,https://github.com//listen1/listen1_chrome_extension,10900
josStorer,chatGPTBox,https://github.com//josStorer,https://github.com//josStorer/chatGPTBox,9400
chathub-dev,chathub,https://github.com//chathub-dev,https://github.com//chathub-dev/chathub,9200
AutomaApp,automa,https://github.com//AutomaApp,https://github.com//AutomaApp/automa,9200
alyssaxuu,screenity,https://github.com//alyssaxuu,https://github.com//alyssaxuu/screenity,9200
ajayyy,SponsorBlock,https://github.com//ajayyy,https://github.com//ajayyy/SponsorBlock,8500
appbaseio,dejavu,https://github.com//appbaseio,https://github.com//appbaseio/dejavu,8300
ohmyzsh,ohmyzsh,https://github.com//ohmyzsh,https://github.com//ohmyzsh/ohmyzsh,167000
junegunn,fzf,https://github.com//junegunn,https://github.com//junegunn/fzf,58100
sherlock-project,sherlock,https://github.com//sherlock-project,https://github.com//sherlock-project/sherlock,49600
sharkdp,bat,https://github.com//sharkdp,https://github.com//sharkdp/bat,45500
BurntSushi,ripgrep,https://github.com//BurntSushi,https://github.com//BurntSushi/ripgrep,43600
jesseduffield,lazygit,https://github.com//jesseduffield,https://github.com//jesseduffield/lazygit,43300
wagoodman,dive,https://github.com//wagoodman,https://github.com//wagoodman/dive,42700
google,zx,https://github.com//google,https://github.com//google/zx,40400
n8n-io,n8n,https://github.com//n8n-io,https://github.com//n8n-io/n8n,39000
chubin,cheat.sh,https://github.com//chubin,https://github.com//chubin/cheat.sh,37100
spf13,cobra,https://github.com//spf13,https://github.com//spf13/cobra,35300
cli,cli,https://github.com//cli,https://github.com//cli/cli,34700
httpie,cli,https://github.com//httpie,https://github.com//httpie/cli,31300
sharkdp,fd,https://github.com//sharkdp,https://github.com//sharkdp/fd,30900
alebcay,awesome-shell,https://github.com//alebcay,https://github.com//alebcay/awesome-shell,30400
ibraheemdev,modern-unix,https://github.com//ibraheemdev,https://github.com//ibraheemdev/modern-unix,29400
acheong08,ChatGPT,https://github.com//acheong08,https://github.com//acheong08/ChatGPT,27800
tqdm,tqdm,https://github.com//tqdm,https://github.com//tqdm/tqdm,27100
angular,angular-cli,https://github.com//angular,https://github.com//angular/angular-cli,26600
google,python-fire,https://github.com//google,https://github.com//google/python-fire,26000
metabase,metabase,https://github.com//metabase,https://github.com//metabase/metabase,35900
logseq,logseq,https://github.com//logseq,https://github.com//logseq/logseq,28700
penpot,penpot,https://github.com//penpot,https://github.com//penpot/penpot,25800
deeplearning4j,deeplearning4j,https://github.com//deeplearning4j,https://github.com//deeplearning4j/deeplearning4j,13400
LightTable,LightTable,https://github.com//LightTable,https://github.com//LightTable/LightTable,11700
kanaka,mal,https://github.com//kanaka,https://github.com//kanaka/mal,9700
lk-geimfari,awesomo,https://github.com//lk-geimfari,https://github.com//lk-geimfari/awesomo,9200
tonsky,datascript,https://github.com//tonsky,https://github.com//tonsky/datascript,5300
reagent-project,reagent,https://github.com//reagent-project,https://github.com//reagent-project/reagent,4700
izhangzhihao,intellij-rainbow-brackets,https://github.com//izhangzhihao,https://github.com//izhangzhihao/intellij-rainbow-brackets,4300
riemann,riemann,https://github.com//riemann,https://github.com//riemann/riemann,4200
weavejester,compojure,https://github.com//weavejester,https://github.com//weavejester/compojure,4100
bbatsov,clojure-style-guide,https://github.com//bbatsov,https://github.com//bbatsov/clojure-style-guide,4000
status-im,status-mobile,https://github.com//status-im,https://github.com//status-im/status-mobile,3800
babashka,babashka,https://github.com//babashka,https://github.com//babashka/babashka,3800
ring-clojure,ring,https://github.com//ring-clojure,https://github.com//ring-clojure/ring,3700
defold,defold,https://github.com//defold,https://github.com//defold/defold,3500
clojure-emacs,cider,https://github.com//clojure-emacs,https://github.com//clojure-emacs/cider,3500
viebel,klipse,https://github.com//viebel,https://github.com//viebel/klipse,3100
tallesl,Rich-Hickey-fanclub,https://github.com//tallesl,https://github.com//tallesl/Rich-Hickey-fanclub,3000
realm,SwiftLint,https://github.com//realm,https://github.com//realm/SwiftLint,18200
facebook,infer,https://github.com//facebook,https://github.com//facebook/infer,14600
analysis-tools-dev,static-analysis,https://github.com//analysis-tools-dev,https://github.com//analysis-tools-dev/static-analysis,12600
federico-busato,Modern-CPP-Programming,https://github.com//federico-busato,https://github.com//federico-busato/Modern-CPP-Programming,10400
Kristories,awesome-guidelines,https://github.com//Kristories,https://github.com//Kristories/awesome-guidelines,9400
super-linter,super-linter,https://github.com//super-linter,https://github.com//super-linter/super-linter,9100
SonarSource,sonarqube,https://github.com//SonarSource,https://github.com//SonarSource/sonarqube,8400
checkstyle,checkstyle,https://github.com//checkstyle,https://github.com//checkstyle/checkstyle,8100
reviewdog,reviewdog,https://github.com//reviewdog,https://github.com//reviewdog/reviewdog,7200
facebook,pyre-check,https://github.com//facebook,https://github.com//facebook/pyre-check,6600
detekt,detekt,https://github.com//detekt,https://github.com//detekt/detekt,6000
import-js,eslint-plugin-import,https://github.com//import-js,https://github.com//import-js/eslint-plugin-import,5200
trekhleb,state-of-the-art-shitcode,https://github.com//trekhleb,https://github.com//trekhleb/state-of-the-art-shitcode,5200
pylint-dev,pylint,https://github.com//pylint-dev,https://github.com//pylint-dev/pylint,5100
simplecov-ruby,simplecov,https://github.com//simplecov-ruby,https://github.com//simplecov-ruby/simplecov,4700
pmd,pmd,https://github.com//pmd,https://github.com//pmd/pmd,4600
kucherenko,jscpd,https://github.com//kucherenko,https://github.com//kucherenko/jscpd,4400
phpro,grumphp,https://github.com//phpro,https://github.com//phpro/grumphp,4100
htmlhint,HTMLHint,https://github.com//htmlhint,https://github.com//htmlhint/HTMLHint,3000
codeclimate,codeclimate,https://github.com//codeclimate,https://github.com//codeclimate/codeclimate,2500
ovity,octotree,https://github.com//ovity,https://github.com//ovity/octotree,22600
gitpod-io,gitpod,https://github.com//gitpod-io,https://github.com//gitpod-io/gitpod,12100
reviewdog,reviewdog,https://github.com//reviewdog,https://github.com//reviewdog/reviewdog,7200
danger,danger,https://github.com//danger,https://github.com//danger/danger,5300
danger,danger-js,https://github.com//danger,https://github.com//danger/danger-js,5100
joho,awesome-code-review,https://github.com//joho,https://github.com//joho/awesome-code-review,4200
Codium-ai,pr-agent,https://github.com//Codium-ai,https://github.com//Codium-ai/pr-agent,3600
ajinabraham,nodejsscan,https://github.com//ajinabraham,https://github.com//ajinabraham/nodejsscan,2300
microsoft,vscode-pull-request-github,https://github.com//microsoft,https://github.com//microsoft/vscode-pull-request-github,2200
crev-dev,cargo-crev,https://github.com//crev-dev,https://github.com//crev-dev/cargo-crev,2000
houndci,hound,https://github.com//houndci,https://github.com//houndci/hound,1900
mbj,mutant,https://github.com//mbj,https://github.com//mbj/mutant,1900
Tencent,CodeAnalysis,https://github.com//Tencent,https://github.com//Tencent/CodeAnalysis,1500
reviewboard,reviewboard,https://github.com//reviewboard,https://github.com//reviewboard/reviewboard,1500
ryanmcdermott,code-review-tips,https://github.com//ryanmcdermott,https://github.com//ryanmcdermott/code-review-tips,1400
coderabbitai,ai-pr-reviewer,https://github.com//coderabbitai,https://github.com//coderabbitai/ai-pr-reviewer,1300
bit4woo,python_sec,https://github.com//bit4woo,https://github.com//bit4woo/python_sec,1300
code-review-checklists,java-concurrency,https://github.com//code-review-checklists,https://github.com//code-review-checklists/java-concurrency,1200
mattzcarey,code-review-gpt,https://github.com//mattzcarey,https://github.com//mattzcarey/code-review-gpt,1200
jiangsir404,Audit-Learning,https://github.com//jiangsir404,https://github.com//jiangsir404/Audit-Learning,948
vercel,next.js,https://github.com//vercel,https://github.com//vercel/next.js,119000
rust-lang,rust,https://github.com//rust-lang,https://github.com//rust-lang/rust,90500
sveltejs,svelte,https://github.com//sveltejs,https://github.com//sveltejs/svelte,75600
webpack,webpack,https://github.com//webpack,https://github.com//webpack/webpack,63900
gatsbyjs,gatsby,https://github.com//gatsbyjs,https://github.com//gatsbyjs/gatsby,55000
FuelLabs,sway,https://github.com//FuelLabs,https://github.com//FuelLabs/sway,54400
JetBrains,kotlin,https://github.com//JetBrains,https://github.com//JetBrains/kotlin,47100
parcel-bundler,parcel,https://github.com//parcel-bundler,https://github.com//parcel-bundler/parcel,43000
babel,babel,https://github.com//babel,https://github.com//babel/babel,42800
evanw,esbuild,https://github.com//evanw,https://github.com//evanw/esbuild,36800
vlang,v,https://github.com//vlang,https://github.com//vlang/v,35200
carbon-language,carbon-lang,https://github.com//carbon-language,https://github.com//carbon-language/carbon-lang,32000
markedjs,marked,https://github.com//markedjs,https://github.com//markedjs/marked,31500
swc-project,swc,https://github.com//swc-project,https://github.com//swc-project/swc,29600
ziglang,zig,https://github.com//ziglang,https://github.com//ziglang/zig,29000
typst,typst,https://github.com//typst,https://github.com//typst/typst,26600
vercel,pkg,https://github.com//vercel,https://github.com//vercel/pkg,24200
v8,v8,https://github.com//v8,https://github.com//v8/v8,22400
oracle,graal,https://github.com//oracle,https://github.com//oracle/graal,19600
RustPython,RustPython,https://github.com//RustPython,https://github.com//RustPython/RustPython,17200
localstack,localstack,https://github.com//localstack,https://github.com//localstack/localstack,51500
harness,gitness,https://github.com//harness,https://github.com//harness/gitness,31200
jenkinsci,jenkins,https://github.com//jenkinsci,https://github.com//jenkinsci/jenkins,22100
auchenberg,volkswagen,https://github.com//auchenberg,https://github.com//auchenberg/volkswagen,12800
dagger,dagger,https://github.com//dagger,https://github.com//dagger/dagger,9800
openshift,origin,https://github.com//openshift,https://github.com//openshift/origin,8400
milanm,DevOps-Roadmap,https://github.com//milanm,https://github.com//milanm/DevOps-Roadmap,7700
concourse,concourse,https://github.com//concourse,https://github.com//concourse/concourse,7100
gocd,gocd,https://github.com//gocd,https://github.com//gocd/gocd,7000
buildbot,buildbot,https://github.com//buildbot,https://github.com//buildbot/buildbot,5200
gaia-pipeline,gaia,https://github.com//gaia-pipeline,https://github.com//gaia-pipeline/gaia,5100
Strider-CD,strider,https://github.com//Strider-CD,https://github.com//Strider-CD/strider,4600
jenkins-x,jx,https://github.com//jenkins-x,https://github.com//jenkins-x/jx,4500
ovh,cds,https://github.com//ovh,https://github.com//ovh/cds,4400
JamesIves,github-pages-deploy-action,https://github.com//JamesIves,https://github.com//JamesIves/github-pages-deploy-action,4000
TheLartians,ModernCppStarter,https://github.com//TheLartians,https://github.com//TheLartians/ModernCppStarter,3900
iterative,cml,https://github.com//iterative,https://github.com//iterative/cml,3900
xcpretty,xcpretty,https://github.com//xcpretty,https://github.com//xcpretty/xcpretty,3900
werf,werf,https://github.com//werf,https://github.com//werf/werf,3900
cake-build,cake,https://github.com//cake-build,https://github.com//cake-build/cake,3800
CSSEGISandData,COVID-19,https://github.com//CSSEGISandData,https://github.com//CSSEGISandData/COVID-19,29200
nytimes,covid-19-data,https://github.com//nytimes,https://github.com//nytimes/covid-19-data,7000
covid19india,covid19india-react,https://github.com//covid19india,https://github.com//covid19india/covid19india-react,6900
Tokyo-Metro-Gov,covid19,https://github.com//Tokyo-Metro-Gov,https://github.com//Tokyo-Metro-Gov/covid19,6300
owid,covid-19-data,https://github.com//owid,https://github.com//owid/covid-19-data,5600
pcm-dpc,COVID-19,https://github.com//pcm-dpc,https://github.com//pcm-dpc/COVID-19,3900
ieee8023,covid-chestxray-dataset,https://github.com//ieee8023,https://github.com//ieee8023/covid-chestxray-dataset,3000
geohot,corona,https://github.com//geohot,https://github.com//geohot/corona,2500
disease-sh,API,https://github.com//disease-sh,https://github.com//disease-sh/API,2400
WorldHealthOrganization,app,https://github.com//WorldHealthOrganization,https://github.com//WorldHealthOrganization/app,2100
corona-warn-app,cwa-server,https://github.com//corona-warn-app,https://github.com//corona-warn-app/cwa-server,1900
ahmadawais,corona-cli,https://github.com//ahmadawais,https://github.com//ahmadawais/corona-cli,1900
cirosantilli,china-dictatorship,https://github.com//cirosantilli,https://github.com//cirosantilli/china-dictatorship,1700
github,covid19-dashboard,https://github.com//github,https://github.com//github/covid19-dashboard,1600
ExpDev07,coronavirus-tracker-api,https://github.com//ExpDev07,https://github.com//ExpDev07/coronavirus-tracker-api,1600
soroushchehresa,awesome-coronavirus,https://github.com//soroushchehresa,https://github.com//soroushchehresa/awesome-coronavirus,1600
mhdhejazi,CoronaTracker,https://github.com//mhdhejazi,https://github.com//mhdhejazi/CoronaTracker,1500
chandrikadeb7,Face-Mask-Detection,https://github.com//chandrikadeb7,https://github.com//chandrikadeb7/Face-Mask-Detection,1500
chrismattmann,tika-python,https://github.com//chrismattmann,https://github.com//chrismattmann/tika-python,1400
neherlab,covid19_scenarios,https://github.com//neherlab,https://github.com//neherlab/covid19_scenarios,1400
CyC2018,CS-Notes,https://github.com//CyC2018,https://github.com//CyC2018/CS-Notes,171000
practical-tutorials,project-based-learning,https://github.com//practical-tutorials,https://github.com//practical-tutorials/project-based-learning,158000
fffaraz,awesome-cpp,https://github.com//fffaraz,https://github.com//fffaraz/awesome-cpp,54100
azl397985856,leetcode,https://github.com//azl397985856,https://github.com//azl397985856/leetcode,53400
youngyangyang04,leetcode-master,https://github.com//youngyangyang04,https://github.com//youngyangyang04/leetcode-master,45600
x64dbg,x64dbg,https://github.com//x64dbg,https://github.com//x64dbg/x64dbg,42800
Light-City,CPlusPlusThings,https://github.com//Light-City,https://github.com//Light-City/CPlusPlusThings,35900
yuzu-emu,yuzu,https://github.com//yuzu-emu,https://github.com//yuzu-emu/yuzu,34200
huihut,interview,https://github.com//huihut,https://github.com//huihut/interview,32200
carbon-language,carbon-lang,https://github.com//carbon-language,https://github.com//carbon-language/carbon-lang,32000
CMU-Perceptual-Computing-Lab,openpose,https://github.com//CMU-Perceptual-Computing-Lab,https://github.com//CMU-Perceptual-Computing-Lab/openpose,29400
TheAlgorithms,C-Plus-Plus,https://github.com//TheAlgorithms,https://github.com//TheAlgorithms/C-Plus-Plus,28700
microsoft,calculator,https://github.com//microsoft,https://github.com//microsoft/calculator,28600
doocs,leetcode,https://github.com//doocs,https://github.com//doocs/leetcode,28000
aseprite,aseprite,https://github.com//aseprite,https://github.com//aseprite/aseprite,25800
changkun,modern-cpp-tutorial,https://github.com//changkun,https://github.com//changkun/modern-cpp-tutorial,22800
dragonflydb,dragonfly,https://github.com//dragonflydb,https://github.com//dragonflydb/dragonfly,22300
ethereum,solidity,https://github.com//ethereum,https://github.com//ethereum/solidity,21800
gabime,spdlog,https://github.com//gabime,https://github.com//gabime/spdlog,21600
microsoft,vcpkg,https://github.com//microsoft,https://github.com//microsoft/vcpkg,21000
